<?xml version="1.0" encoding="UTF-8"?>  
<beans xmlns="http://www.springframework.org/schema/beans"  
xmlns:xsi="http://www.w3.org/2001/XMLSchema-instance"  
xmlns:mvc="http://www.springframework.org/schema/mvc"  
xmlns:context="http://www.springframework.org/schema/context"  
xsi:schemaLocation="  
http://www.springframework.org/schema/mvc  
http://www.springframework.org/schema/mvc/spring-mvc.xsd  
http://www.springframework.org/schema/beans  
http://www.springframework.org/schema/beans/spring-beans.xsd  
http://www.springframework.org/schema/context   
http://www.springframework.org/schema/context/spring-context.xsd">
  
<mvc:annotation-driven />  
   <context:component-scan base-package="controller">  
   </context:component-scan>  
   <context:annotation-config></context:annotation-config>  
   <bean class="org.springframework.web.servlet.view.InternalResourceViewResolver">  
      <property name="prefix" value="/WEB-INF/views/"></property>  
      <property name="suffix" value=".jsp"></property>  
   </bean>  
   <bean id="multipartResolver"
    class="org.springframework.web.multipart.commons.CommonsMultipartResolver">
    <!-- one of the properties available; the maximum file size in bytes -->
    <property name="maxUploadSize" value="1000000"/>
</bean>

<mvc:annotation-driven>
     <mvc:message-converters>
            <bean class="org.springframework.http.converter.StringHttpMessageConverter"/>
            <bean class="org.springframework.http.converter.json.MappingJackson2HttpMessageConverter"/>
   </mvc:message-converters>
</mvc:annotation-driven>
</beans>  